{
  "sections": {
    "image_banner": {
      "type": "image-banner",
      "blocks": {
        "heading": {
          "type": "heading",
          "settings": {
            "heading": "POWERFUL CLEAN BEAUTY HAIR CARE SYSTEMS"
          }
        },
        "text": {
          "type": "text",
          "settings": {
            "text": "Developed and tested through over 1 million consultations with real clients."
          }
        },
        "button": {
          "type": "buttons",
          "settings": {
            "button_label_1": "Shop hair care",
            "button_link_1": "shopify://collections/all",
            "button_label_2": ""
          }
        }
      },
      "block_order": [
        "heading",
        "text",
        "button"
      ],
      "settings": {
        "image": "shopify://shop_images/HomeBanner1800x1000ALT.jpg",
        "desktop_content_position": "middle-left"
      }
    },
    "featured_products": {
      "type": "featured-collection",
      "settings": {
        "title": "",
        "collection": "all",
        "image_ratio": "portrait"
      }
    }
  },
  "order": [
    "image_banner",
    "featured_products"
  ]
}
